"Name","Platform","Compiles","CompilesDouble","Uses","UsesDouble","PermutationString"
"/Game/Assets/Asylum/Blended_Material/Blended_Material.Blended_Material","0","28","0","4","24","Compiling Blended_Material: Platform=PCD3D_SM5, Usage=LightingModel=MSM_DefaultLit, BlendMode=BLEND_Opaque, SpecialEngine=0, TwoSided=0, TSNormal=1, Masked=0, Distorted=0, WritesEveryPixel=1, ModifiesMeshPosition=0, Usage={}, StaticTerrainLayer'Grass'=Weightmap0, StaticTerrainLayer'Gravel'=Weightmap0"
"/Game/Assets/Asylum/Blended_Material/Blended_Material.Blended_Material","0","0","0","14","0","Compiling Blended_Material: Platform=PCD3D_SM5, Usage=LightingModel=MSM_DefaultLit, BlendMode=BLEND_Opaque, SpecialEngine=0, TwoSided=0, TSNormal=1, Masked=0, Distorted=0, WritesEveryPixel=1, ModifiesMeshPosition=0, Usage={}"
"/Game/Assets/Asylum/Blended_Material/Blended_Material.Blended_Material","0","0","0","28","868","Compiling Blended_Material: Platform=PCD3D_SM5, Usage=LightingModel=MSM_DefaultLit, BlendMode=BLEND_Opaque, SpecialEngine=0, TwoSided=0, TSNormal=1, Masked=0, Distorted=0, WritesEveryPixel=1, ModifiesMeshPosition=0, Usage={}, StaticTerrainLayer'Grass'=Weightmap0"
"/ControlRig/Controls/ControlRigGizmoMaterial.ControlRigGizmoMaterial","0","0","0","4","0","Compiling ControlRigGizmoMaterial: Platform=PCD3D_SM5, Usage=LightingModel=MSM_Unlit, BlendMode=BLEND_Opaque, SpecialEngine=0, TwoSided=0, TSNormal=1, Masked=0, Distorted=0, WritesEveryPixel=1, ModifiesMeshPosition=0, Usage={}"
"/Engine/EngineDebugMaterials/DebugMeshMaterial.DebugMeshMaterial","0","0","0","5","0","Compiling DebugMeshMaterial: Platform=PCD3D_SM5, Usage=LightingModel=MSM_Unlit, BlendMode=BLEND_Translucent, SpecialEngine=0, TwoSided=1, TSNormal=1, Masked=0, Distorted=0, WritesEveryPixel=1, ModifiesMeshPosition=0, Usage={}"
"/Engine/EditorMaterials/PhAT_NoCollisionMaterial.PhAT_NoCollisionMaterial","0","0","0","3","0","Compiling PhAT_NoCollisionMaterial: Platform=PCD3D_SM5, Usage=LightingModel=MSM_Unlit, BlendMode=BLEND_Translucent, SpecialEngine=0, TwoSided=0, TSNormal=1, Masked=0, Distorted=0, WritesEveryPixel=1, ModifiesMeshPosition=0, Usage={}"
"/Engine/EditorMaterials/PhAT_UnselectedMaterial.PhAT_UnselectedMaterial","0","0","0","3","0","Compiling PhAT_UnselectedMaterial: Platform=PCD3D_SM5, Usage=LightingModel=MSM_Unlit, BlendMode=BLEND_Translucent, SpecialEngine=0, TwoSided=0, TSNormal=1, Masked=0, Distorted=0, WritesEveryPixel=1, ModifiesMeshPosition=0, Usage={}"
"/Engine/EngineDebugMaterials/DebugEditorMaterial.DebugEditorMaterial","0","0","0","6","0","Compiling DebugEditorMaterial: Platform=PCD3D_SM5, Usage=LightingModel=MSM_Unlit, BlendMode=BLEND_Opaque, SpecialEngine=0, TwoSided=1, TSNormal=1, Masked=0, Distorted=0, WritesEveryPixel=1, ModifiesMeshPosition=0, Usage={}"
"/MeshModelingToolset/Materials/M_DynamicMeshComponentVtxColor.M_DynamicMeshComponentVtxColor","0","0","0","18","0","Compiling M_DynamicMeshComponentVtxColor: Platform=PCD3D_SM5, Usage=LightingModel=MSM_DefaultLit, BlendMode=BLEND_Opaque, SpecialEngine=0, TwoSided=1, TSNormal=1, Masked=0, Distorted=0, WritesEveryPixel=1, ModifiesMeshPosition=0, Usage={}"
"/Engine/EngineMaterials/GizmoMaterial.GizmoMaterial","0","0","0","6","0","Compiling GizmoMaterial: Platform=PCD3D_SM5, Usage=LightingModel=MSM_Unlit, BlendMode=BLEND_Opaque, SpecialEngine=0, TwoSided=1, TSNormal=1, Masked=0, Distorted=0, WritesEveryPixel=1, ModifiesMeshPosition=0, Usage={}"
"/Engine/EngineMaterials/RemoveSurfaceMaterial.RemoveSurfaceMaterial","0","0","0","4","0","Compiling RemoveSurfaceMaterial: Platform=PCD3D_SM5, Usage=LightingModel=MSM_Unlit, BlendMode=BLEND_Opaque, SpecialEngine=0, TwoSided=0, TSNormal=1, Masked=0, Distorted=0, WritesEveryPixel=1, ModifiesMeshPosition=0, Usage={bUsedWithStaticLighting}"
"/Engine/EngineMaterials/NaniteHiddenSectionMaterial.NaniteHiddenSectionMaterial","0","0","0","27","0","Compiling NaniteHiddenSectionMaterial: Platform=PCD3D_SM5, Usage=LightingModel=MSM_DefaultLit, BlendMode=BLEND_Opaque, SpecialEngine=0, TwoSided=1, TSNormal=1, Masked=0, Distorted=0, WritesEveryPixel=1, ModifiesMeshPosition=1, Usage={}"
"/Engine/EditorMaterials/Camera/CineMat.CineMat","0","0","0","26","0","Compiling CineMat: Platform=PCD3D_SM5, Usage=LightingModel=MSM_DefaultLit, BlendMode=BLEND_Opaque, SpecialEngine=0, TwoSided=0, TSNormal=1, Masked=0, Distorted=0, WritesEveryPixel=1, ModifiesMeshPosition=0, Usage={bUsedWithSplineMeshes}"
"/Engine/VREditor/TransformGizmo/Xray.Xray","0","0","0","14","0","Compiling Xray: Platform=PCD3D_SM5, Usage=LightingModel=MSM_DefaultLit, BlendMode=BLEND_Opaque, SpecialEngine=0, TwoSided=0, TSNormal=1, Masked=0, Distorted=0, WritesEveryPixel=1, ModifiesMeshPosition=0, Usage={}"
"/ControlRig/Controls/ControlRigXRayMaterial.ControlRigXRayMaterial","0","0","0","7","0","Compiling ControlRigXRayMaterial: Platform=PCD3D_SM5, Usage=LightingModel=MSM_Unlit, BlendMode=BLEND_Translucent, SpecialEngine=0, TwoSided=0, TSNormal=1, Masked=0, Distorted=0, WritesEveryPixel=1, ModifiesMeshPosition=1, Usage={bUsedWithStaticLighting}"
"/Engine/EditorLandscapeResources/SplineEditorMeshMat.SplineEditorMeshMat","0","0","0","10","0","Compiling SplineEditorMeshMat: Platform=PCD3D_SM5, Usage=LightingModel=MSM_Unlit, BlendMode=BLEND_Opaque, SpecialEngine=0, TwoSided=1, TSNormal=1, Masked=0, Distorted=0, WritesEveryPixel=1, ModifiesMeshPosition=0, Usage={bUsedWithSplineMeshes}"
"/Engine/EngineDebugMaterials/M_SimpleUnlitTranslucent.M_SimpleUnlitTranslucent","0","0","0","3","0","Compiling M_SimpleUnlitTranslucent: Platform=PCD3D_SM5, Usage=LightingModel=MSM_Unlit, BlendMode=BLEND_Translucent, SpecialEngine=0, TwoSided=0, TSNormal=1, Masked=0, Distorted=0, WritesEveryPixel=1, ModifiesMeshPosition=0, Usage={}"
"/Engine/VREditor/TransformGizmo/Main.Main","0","0","0","3","0","Compiling Main: Platform=PCD3D_SM5, Usage=LightingModel=MSM_Unlit, BlendMode=BLEND_Translucent, SpecialEngine=0, TwoSided=0, TSNormal=1, Masked=0, Distorted=0, WritesEveryPixel=1, ModifiesMeshPosition=0, Usage={}"
"/Engine/VREditor/TransformGizmo/TranslucentTransformGizmoMaterial.TranslucentTransformGizmoMaterial","0","0","0","3","0","Compiling TranslucentTransformGizmoMaterial: Platform=PCD3D_SM5, Usage=LightingModel=MSM_Unlit, BlendMode=BLEND_Translucent, SpecialEngine=0, TwoSided=0, TSNormal=1, Masked=0, Distorted=0, WritesEveryPixel=1, ModifiesMeshPosition=0, Usage={}"
"/Engine/EngineMaterials/DefaultLightFunctionMaterial.DefaultLightFunctionMaterial","0","0","0","35","0","Compiling DefaultLightFunctionMaterial: Platform=PCD3D_SM5, Usage=LightingModel=MSM_Unlit, BlendMode=BLEND_Opaque, SpecialEngine=0, TwoSided=0, TSNormal=1, Masked=0, Distorted=0, WritesEveryPixel=1, ModifiesMeshPosition=0, Usage={}"
"/Game/Assets/Blueprints/CandleFlicker.CandleFlicker","0","0","0","35","0","Compiling CandleFlicker: Platform=PCD3D_SM5, Usage=LightingModel=MSM_Unlit, BlendMode=BLEND_Opaque, SpecialEngine=0, TwoSided=0, TSNormal=1, Masked=0, Distorted=0, WritesEveryPixel=1, ModifiesMeshPosition=0, Usage={}"
"/Engine/EngineDebugMaterials/M_VolumeRenderSphereTracePP.M_VolumeRenderSphereTracePP","0","0","0","4","0","Compiling M_VolumeRenderSphereTracePP: Platform=PCD3D_SM5, Usage=LightingModel=MSM_Unlit, BlendMode=BLEND_Opaque, SpecialEngine=0, TwoSided=0, TSNormal=1, Masked=0, Distorted=0, WritesEveryPixel=1, ModifiesMeshPosition=0, Usage={}"
"/Engine/EngineMaterials/EmissiveMeshMaterial.EmissiveMeshMaterial","0","0","0","5","0","Compiling EmissiveMeshMaterial: Platform=PCD3D_SM5, Usage=LightingModel=MSM_Unlit, BlendMode=BLEND_Additive, SpecialEngine=0, TwoSided=1, TSNormal=1, Masked=0, Distorted=0, WritesEveryPixel=1, ModifiesMeshPosition=0, Usage={}"
"/Engine/EngineMaterials/FlattenMaterial_WS_Normal_VT.FlattenMaterial_WS_Normal_VT","0","0","0","35","0","Compiling FlattenMaterial_WS_Normal_VT: Platform=PCD3D_SM5, Usage=LightingModel=MSM_DefaultLit, BlendMode=BLEND_Opaque, SpecialEngine=0, TwoSided=0, TSNormal=0, Masked=0, Distorted=0, WritesEveryPixel=1, ModifiesMeshPosition=0, Usage={bUsedWithSkeletalMesh,bUsedWithStaticLighting,bUsedWithMorphTargets,bUsedWithNanite}, StaticSwitch'PackMetallic2-1'=False, StaticSwitch'PackRoughness2-1'=False, StaticSwitch'PackSpecular2-1'=False, StaticSwitch'UseAmbientOcclusion2-1'=False, StaticSwitch'UseBaseColor2-1'=False, StaticSwitch'UseCustomUV2-1'=False, StaticSwitch'UseEmissiveColor2-1'=False, StaticSwitch'UseEmissiveHDR2-1'=False, StaticSwitch'UseMetallic2-1'=False, StaticSwitch'UseOpacity2-1'=False, StaticSwitch'UseOpacityMask2-1'=False, StaticSwitch'UseRoughness2-1'=False, StaticSwitch'UseSpecular2-1'=False, StaticSwitch'UseUV12-1'=False, StaticSwitch'UseUV22-1'=False, StaticSwitch'UseUV32-1'=False, StaticSwitch'UseUV42-1'=False, StaticSwitch'UseUV52-1'=False, StaticSwitch'UseUV62-1'=False"
"/Engine/EngineMaterials/FlattenMaterial_VT.FlattenMaterial_VT","0","0","0","35","0","Compiling FlattenMaterial_VT: Platform=PCD3D_SM5, Usage=LightingModel=MSM_DefaultLit, BlendMode=BLEND_Opaque, SpecialEngine=0, TwoSided=0, TSNormal=1, Masked=0, Distorted=0, WritesEveryPixel=1, ModifiesMeshPosition=0, Usage={bUsedWithSkeletalMesh,bUsedWithStaticLighting,bUsedWithMorphTargets,bUsedWithNanite}, StaticSwitch'PackMetallic2-1'=False, StaticSwitch'PackRoughness2-1'=False, StaticSwitch'PackSpecular2-1'=False, StaticSwitch'UseAmbientOcclusion2-1'=False, StaticSwitch'UseBaseColor2-1'=False, StaticSwitch'UseCustomUV2-1'=False, StaticSwitch'UseEmissiveColor2-1'=False, StaticSwitch'UseEmissiveHDR2-1'=False, StaticSwitch'UseMetallic2-1'=False, StaticSwitch'UseOpacity2-1'=False, StaticSwitch'UseOpacityMask2-1'=False, StaticSwitch'UseRoughness2-1'=False, StaticSwitch'UseSpecular2-1'=False, StaticSwitch'UseUV12-1'=False, StaticSwitch'UseUV22-1'=False, StaticSwitch'UseUV32-1'=False, StaticSwitch'UseUV42-1'=False, StaticSwitch'UseUV52-1'=False, StaticSwitch'UseUV62-1'=False"
"/Engine/EngineMaterials/FlattenMaterial.FlattenMaterial","0","0","0","35","0","Compiling FlattenMaterial: Platform=PCD3D_SM5, Usage=LightingModel=MSM_DefaultLit, BlendMode=BLEND_Opaque, SpecialEngine=0, TwoSided=0, TSNormal=1, Masked=0, Distorted=0, WritesEveryPixel=1, ModifiesMeshPosition=0, Usage={bUsedWithSkeletalMesh,bUsedWithStaticLighting,bUsedWithMorphTargets,bUsedWithNanite}, StaticSwitch'PackMetallic2-1'=False, StaticSwitch'PackRoughness2-1'=False, StaticSwitch'PackSpecular2-1'=False, StaticSwitch'UseAmbientOcclusion2-1'=False, StaticSwitch'UseBaseColor2-1'=False, StaticSwitch'UseCustomUV2-1'=False, StaticSwitch'UseEmissiveColor2-1'=False, StaticSwitch'UseEmissiveHDR2-1'=False, StaticSwitch'UseMetallic2-1'=False, StaticSwitch'UseOpacity2-1'=False, StaticSwitch'UseOpacityMask2-1'=False, StaticSwitch'UseRoughness2-1'=False, StaticSwitch'UseSpecular2-1'=False, StaticSwitch'UseUV12-1'=False, StaticSwitch'UseUV22-1'=False, StaticSwitch'UseUV32-1'=False, StaticSwitch'UseUV42-1'=False, StaticSwitch'UseUV52-1'=False, StaticSwitch'UseUV62-1'=False"
"/Engine/EngineMaterials/M_InvalidLightmapSettings.M_InvalidLightmapSettings","0","0","0","28","0","Compiling M_InvalidLightmapSettings: Platform=PCD3D_SM5, Usage=LightingModel=MSM_DefaultLit, BlendMode=BLEND_Opaque, SpecialEngine=0, TwoSided=0, TSNormal=1, Masked=0, Distorted=0, WritesEveryPixel=1, ModifiesMeshPosition=0, Usage={bUsedWithInstancedStaticMeshes}"
"/Paper2D/DefaultSpriteMaterial.DefaultSpriteMaterial","0","0","0","32","0","Compiling DefaultSpriteMaterial: Platform=PCD3D_SM5, Usage=LightingModel=MSM_Unlit, BlendMode=BLEND_Masked, SpecialEngine=0, TwoSided=1, TSNormal=1, Masked=1, Distorted=0, WritesEveryPixel=0, ModifiesMeshPosition=0, Usage={bUsedWithNiagaraSprites}"
"/Paper2D/DefaultSpriteMaterial.DefaultSpriteMaterial","0","0","0","10","0","Compiling DefaultSpriteMaterial: Platform=PCD3D_SM5, Usage=LightingModel=MSM_Unlit, BlendMode=BLEND_Opaque, SpecialEngine=0, TwoSided=1, TSNormal=1, Masked=0, Distorted=0, WritesEveryPixel=1, ModifiesMeshPosition=0, Usage={bUsedWithNiagaraSprites}"
"/Engine/EngineMaterials/PhAT_JointLimitMaterial.PhAT_JointLimitMaterial","0","0","0","7","0","Compiling PhAT_JointLimitMaterial: Platform=PCD3D_SM5, Usage=LightingModel=MSM_Unlit, BlendMode=BLEND_Translucent, SpecialEngine=0, TwoSided=1, TSNormal=1, Masked=0, Distorted=0, WritesEveryPixel=1, ModifiesMeshPosition=1, Usage={}"
"/ControlRig/M_Manip.M_Manip","0","0","0","7","0","Compiling M_Manip: Platform=PCD3D_SM5, Usage=LightingModel=MSM_Unlit, BlendMode=BLEND_Translucent, SpecialEngine=0, TwoSided=0, TSNormal=1, Masked=0, Distorted=0, WritesEveryPixel=1, ModifiesMeshPosition=1, Usage={}"
"/Engine/EngineMaterials/Widget3DPassThrough.Widget3DPassThrough","0","0","0","3","3","Compiling Widget3DPassThrough: Platform=PCD3D_SM5, Usage=LightingModel=MSM_Unlit, BlendMode=BLEND_Translucent, SpecialEngine=0, TwoSided=0, TSNormal=1, Masked=0, Distorted=0, WritesEveryPixel=1, ModifiesMeshPosition=0, Usage={}"
"/Engine/EngineMaterials/Widget3DPassThrough.Widget3DPassThrough","0","0","0","17","0","Compiling Widget3DPassThrough: Platform=PCD3D_SM5, Usage=LightingModel=MSM_Unlit, BlendMode=BLEND_Masked, SpecialEngine=0, TwoSided=1, TSNormal=1, Masked=1, Distorted=0, WritesEveryPixel=0, ModifiesMeshPosition=0, Usage={}"
"/Engine/EngineMaterials/Widget3DPassThrough.Widget3DPassThrough","0","0","0","6","0","Compiling Widget3DPassThrough: Platform=PCD3D_SM5, Usage=LightingModel=MSM_Unlit, BlendMode=BLEND_Opaque, SpecialEngine=0, TwoSided=1, TSNormal=1, Masked=0, Distorted=0, WritesEveryPixel=1, ModifiesMeshPosition=0, Usage={}"
"/Engine/EngineMaterials/Widget3DPassThrough.Widget3DPassThrough","0","0","0","5","0","Compiling Widget3DPassThrough: Platform=PCD3D_SM5, Usage=LightingModel=MSM_Unlit, BlendMode=BLEND_Translucent, SpecialEngine=0, TwoSided=1, TSNormal=1, Masked=0, Distorted=0, WritesEveryPixel=1, ModifiesMeshPosition=0, Usage={}"
"/Engine/EngineMaterials/Widget3DPassThrough.Widget3DPassThrough","0","0","0","17","0","Compiling Widget3DPassThrough: Platform=PCD3D_SM5, Usage=LightingModel=MSM_Unlit, BlendMode=BLEND_Masked, SpecialEngine=0, TwoSided=0, TSNormal=1, Masked=1, Distorted=0, WritesEveryPixel=0, ModifiesMeshPosition=0, Usage={}"
"/Engine/EngineMaterials/Widget3DPassThrough.Widget3DPassThrough","0","0","0","4","0","Compiling Widget3DPassThrough: Platform=PCD3D_SM5, Usage=LightingModel=MSM_Unlit, BlendMode=BLEND_Opaque, SpecialEngine=0, TwoSided=0, TSNormal=1, Masked=0, Distorted=0, WritesEveryPixel=1, ModifiesMeshPosition=0, Usage={}"
"/Engine/EngineSky/VolumetricClouds/m_SimpleVolumetricCloud.m_SimpleVolumetricCloud","0","0","0","68","0","Compiling m_SimpleVolumetricCloud: Platform=PCD3D_SM5, Usage=LightingModel=MSM_DefaultLit, BlendMode=BLEND_Additive, SpecialEngine=0, TwoSided=0, TSNormal=1, Masked=0, Distorted=0, WritesEveryPixel=1, ModifiesMeshPosition=0, Usage={bUsedWithVolumetricCloud}"
"/Engine/VREditor/TransformGizmo/TransformGizmoMaterial.TransformGizmoMaterial","0","0","0","4","0","Compiling TransformGizmoMaterial: Platform=PCD3D_SM5, Usage=LightingModel=MSM_Unlit, BlendMode=BLEND_Opaque, SpecialEngine=0, TwoSided=0, TSNormal=1, Masked=0, Distorted=0, WritesEveryPixel=1, ModifiesMeshPosition=0, Usage={}"
"/DatasmithContent/Materials/SketchUpReference.SketchUpReference","0","0","0","46","0","Compiling SketchUpReference: Platform=PCD3D_SM5, Usage=LightingModel=MSM_DefaultLit, BlendMode=BLEND_Opaque, SpecialEngine=0, TwoSided=0, TSNormal=1, Masked=0, Distorted=0, WritesEveryPixel=1, ModifiesMeshPosition=0, Usage={bUsedWithStaticLighting,bUsedWithInstancedStaticMeshes}, StaticSwitch'Metallic2-1'=False, StaticSwitch'UseNormalMap2-1'=False, StaticSwitch'UseRoughnessMap2-1'=False, StaticSwitch'UseTextureImage2-1'=False"
"/Engine/EngineMaterials/DefaultPostProcessMaterial.DefaultPostProcessMaterial","0","0","0","6","0","Compiling DefaultPostProcessMaterial: Platform=PCD3D_SM5, Usage=LightingModel=MSM_Unlit, BlendMode=BLEND_Opaque, SpecialEngine=0, TwoSided=0, TSNormal=1, Masked=0, Distorted=0, WritesEveryPixel=1, ModifiesMeshPosition=0, Usage={bUsedWithSkeletalMesh,bUsedWithStaticLighting}"
"/Engine/EngineMaterials/DefaultDeferredDecalMaterial.DefaultDeferredDecalMaterial","0","0","0","87","0","Compiling DefaultDeferredDecalMaterial: Platform=PCD3D_SM5, Usage=LightingModel=MSM_DefaultLit, BlendMode=BLEND_Translucent, SpecialEngine=0, TwoSided=0, TSNormal=1, Masked=0, Distorted=0, WritesEveryPixel=1, ModifiesMeshPosition=0, Usage={bUsedWithSkeletalMesh,bUsedWithStaticLighting,bUsedWithSplineMeshes}"
"/Engine/EngineMaterials/DefaultMaterial.DefaultMaterial","0","0","0","127","0","Compiling DefaultMaterial: Platform=PCD3D_SM5, Usage=LightingModel=MSM_DefaultLit, BlendMode=BLEND_Opaque, SpecialEngine=0, TwoSided=0, TSNormal=1, Masked=0, Distorted=0, WritesEveryPixel=1, ModifiesMeshPosition=0, Usage={bUsedWithSkeletalMesh,bUsedWithMeshParticles,bUsedWithStaticLighting,bUsedWithSplineMeshes,bUsedWithInstancedStaticMeshes,bUsedWithNiagaraSprites,bUsedWithNiagaraRibbons,bUsedWithNiagaraMeshParticles}"
"/Engine/EngineMaterials/WorldGridMaterial.WorldGridMaterial","0","0","0","637","0","Compiling WorldGridMaterial: Platform=PCD3D_SM5, Usage=LightingModel=MSM_DefaultLit, BlendMode=BLEND_Opaque, SpecialEngine=1, TwoSided=0, TSNormal=1, Masked=0, Distorted=0, WritesEveryPixel=1, ModifiesMeshPosition=0, Usage={}"
"/Game/STF/Landscape/Environment/Foliage/DeadTrees/M_dead-tree-lod3.M_dead-tree-lod3","0","0","0","84","0","Compiling M_dead-tree-lod3: Platform=PCD3D_SM5, Usage=LightingModel=MSM_TwoSidedFoliage, BlendMode=BLEND_Masked, SpecialEngine=0, TwoSided=0, TSNormal=1, Masked=1, Distorted=0, WritesEveryPixel=0, ModifiesMeshPosition=0, Usage={bUsedWithStaticLighting,bUsedWithInstancedStaticMeshes}"
"/Engine/EngineMaterials/DefaultTextMaterialOpaque.DefaultTextMaterialOpaque","0","0","0","29","0","Compiling DefaultTextMaterialOpaque: Platform=PCD3D_SM5, Usage=LightingModel=MSM_DefaultLit, BlendMode=BLEND_Masked, SpecialEngine=0, TwoSided=1, TSNormal=1, Masked=1, Distorted=0, WritesEveryPixel=0, ModifiesMeshPosition=0, Usage={}"
"/Game/Assets/Asylum/AsylumDecorations/Models/Sofa_Pilow.Sofa_Pilow","0","0","0","14","0","Compiling Sofa_Pilow: Platform=PCD3D_SM5, Usage=LightingModel=MSM_DefaultLit, BlendMode=BLEND_Opaque, SpecialEngine=0, TwoSided=0, TSNormal=1, Masked=0, Distorted=0, WritesEveryPixel=1, ModifiesMeshPosition=0, Usage={}"
"/Game/Assets/Asylum/BrickTexture_Exterior_/BrickMat.BrickMat","0","0","0","14","0","Compiling BrickMat: Platform=PCD3D_SM5, Usage=LightingModel=MSM_DefaultLit, BlendMode=BLEND_Opaque, SpecialEngine=0, TwoSided=0, TSNormal=1, Masked=0, Distorted=0, WritesEveryPixel=1, ModifiesMeshPosition=0, Usage={}"
"/Game/Assets/Asylum/AsylumFence/Textures/Albedo/Paint_Ruste_albedo_Mat.Paint_Ruste_albedo_Mat","0","0","0","28","0","Compiling Paint_Ruste_albedo_Mat: Platform=PCD3D_SM5, Usage=LightingModel=MSM_DefaultLit, BlendMode=BLEND_Opaque, SpecialEngine=0, TwoSided=0, TSNormal=1, Masked=0, Distorted=0, WritesEveryPixel=1, ModifiesMeshPosition=0, Usage={bUsedWithInstancedStaticMeshes}"
"/Game/Assets/Asylum/WaterFountainTexture/waterfountain.waterfountain","0","0","0","14","0","Compiling waterfountain: Platform=PCD3D_SM5, Usage=LightingModel=MSM_DefaultLit, BlendMode=BLEND_Opaque, SpecialEngine=0, TwoSided=0, TSNormal=1, Masked=0, Distorted=0, WritesEveryPixel=1, ModifiesMeshPosition=0, Usage={}"
"/Game/Assets/Asylum/RoofTiles/RoofTiles.RoofTiles","0","0","0","14","0","Compiling RoofTiles: Platform=PCD3D_SM5, Usage=LightingModel=MSM_DefaultLit, BlendMode=BLEND_Opaque, SpecialEngine=0, TwoSided=0, TSNormal=1, Masked=0, Distorted=0, WritesEveryPixel=1, ModifiesMeshPosition=0, Usage={}"
"/Game/Assets/Asylum/LadyoftheAsylum/Dress.Dress","0","0","0","26","0","Compiling Dress: Platform=PCD3D_SM5, Usage=LightingModel=MSM_DefaultLit, BlendMode=BLEND_Opaque, SpecialEngine=0, TwoSided=0, TSNormal=1, Masked=0, Distorted=0, WritesEveryPixel=1, ModifiesMeshPosition=0, Usage={bUsedWithSkeletalMesh}"
"/Game/Assets/Asylum/LadyoftheAsylum/Eyes.Eyes","0","0","0","26","0","Compiling Eyes: Platform=PCD3D_SM5, Usage=LightingModel=MSM_Eye, BlendMode=BLEND_Opaque, SpecialEngine=0, TwoSided=0, TSNormal=1, Masked=0, Distorted=0, WritesEveryPixel=1, ModifiesMeshPosition=0, Usage={bUsedWithSkeletalMesh}"
"/Game/Assets/Asylum/LadyoftheAsylum/Body.Body","0","0","0","26","0","Compiling Body: Platform=PCD3D_SM5, Usage=LightingModel=MSM_DefaultLit, BlendMode=BLEND_Opaque, SpecialEngine=0, TwoSided=0, TSNormal=1, Masked=0, Distorted=0, WritesEveryPixel=1, ModifiesMeshPosition=0, Usage={bUsedWithSkeletalMesh}"
"/Game/Assets/Asylum/LadyoftheAsylum/Hair.Hair","0","0","0","30","0","Compiling Hair: Platform=PCD3D_SM5, Usage=LightingModel=MSM_Hair, BlendMode=BLEND_Opaque, SpecialEngine=0, TwoSided=1, TSNormal=1, Masked=0, Distorted=0, WritesEveryPixel=1, ModifiesMeshPosition=0, Usage={bUsedWithSkeletalMesh}"
"/Game/Assets/Asylum/InteriorBedWalls/InteriorBricks.InteriorBricks","0","0","0","14","0","Compiling InteriorBricks: Platform=PCD3D_SM5, Usage=LightingModel=MSM_DefaultLit, BlendMode=BLEND_Opaque, SpecialEngine=0, TwoSided=0, TSNormal=1, Masked=0, Distorted=0, WritesEveryPixel=1, ModifiesMeshPosition=0, Usage={}"
"/Game/Assets/Asylum/AsylumFence/01_-_Default.01_-_Default","0","0","0","29","0","Compiling 01_-_Default: Platform=PCD3D_SM5, Usage=LightingModel=MSM_DefaultLit, BlendMode=BLEND_Masked, SpecialEngine=0, TwoSided=1, TSNormal=1, Masked=1, Distorted=0, WritesEveryPixel=0, ModifiesMeshPosition=0, Usage={}"
"/Game/Assets/Asylum/AsylumDecorations/Models/TV_Retro.TV_Retro","0","0","0","14","0","Compiling TV_Retro: Platform=PCD3D_SM5, Usage=LightingModel=MSM_DefaultLit, BlendMode=BLEND_Opaque, SpecialEngine=0, TwoSided=0, TSNormal=1, Masked=0, Distorted=0, WritesEveryPixel=1, ModifiesMeshPosition=0, Usage={}"
"/Game/Assets/Asylum/AsylumDecorations/Models/Toilet.Toilet","0","0","0","14","0","Compiling Toilet: Platform=PCD3D_SM5, Usage=LightingModel=MSM_DefaultLit, BlendMode=BLEND_Opaque, SpecialEngine=0, TwoSided=0, TSNormal=1, Masked=0, Distorted=0, WritesEveryPixel=1, ModifiesMeshPosition=0, Usage={}"
"/Game/Assets/Asylum/AsylumDecorations/Models/ToiletWall.ToiletWall","0","0","0","14","0","Compiling ToiletWall: Platform=PCD3D_SM5, Usage=LightingModel=MSM_DefaultLit, BlendMode=BLEND_Opaque, SpecialEngine=0, TwoSided=0, TSNormal=1, Masked=0, Distorted=0, WritesEveryPixel=1, ModifiesMeshPosition=0, Usage={}"
"/Game/Assets/Asylum/AsylumDecorations/Models/Tap.Tap","0","0","0","14","0","Compiling Tap: Platform=PCD3D_SM5, Usage=LightingModel=MSM_DefaultLit, BlendMode=BLEND_Opaque, SpecialEngine=0, TwoSided=0, TSNormal=1, Masked=0, Distorted=0, WritesEveryPixel=1, ModifiesMeshPosition=0, Usage={}"
"/Game/Assets/Asylum/AsylumDecorations/Models/Tank_V2.Tank_V2","0","0","0","14","0","Compiling Tank_V2: Platform=PCD3D_SM5, Usage=LightingModel=MSM_DefaultLit, BlendMode=BLEND_Opaque, SpecialEngine=0, TwoSided=0, TSNormal=1, Masked=0, Distorted=0, WritesEveryPixel=1, ModifiesMeshPosition=0, Usage={}"
"/Game/Assets/Asylum/AsylumDecorations/Models/TableSmall.TableSmall","0","0","0","14","0","Compiling TableSmall: Platform=PCD3D_SM5, Usage=LightingModel=MSM_DefaultLit, BlendMode=BLEND_Opaque, SpecialEngine=0, TwoSided=0, TSNormal=1, Masked=0, Distorted=0, WritesEveryPixel=1, ModifiesMeshPosition=0, Usage={}"
"/Game/Assets/Asylum/AsylumDecorations/Models/TableOffice.TableOffice","0","0","0","14","0","Compiling TableOffice: Platform=PCD3D_SM5, Usage=LightingModel=MSM_DefaultLit, BlendMode=BLEND_Opaque, SpecialEngine=0, TwoSided=0, TSNormal=1, Masked=0, Distorted=0, WritesEveryPixel=1, ModifiesMeshPosition=0, Usage={}"
"/Game/Assets/Asylum/AsylumDecorations/Models/TableKitchen.TableKitchen","0","0","0","14","0","Compiling TableKitchen: Platform=PCD3D_SM5, Usage=LightingModel=MSM_DefaultLit, BlendMode=BLEND_Opaque, SpecialEngine=0, TwoSided=0, TSNormal=1, Masked=0, Distorted=0, WritesEveryPixel=1, ModifiesMeshPosition=0, Usage={}"
"/Game/Assets/Asylum/AsylumDecorations/Models/SurgeryTable.SurgeryTable","0","0","0","14","0","Compiling SurgeryTable: Platform=PCD3D_SM5, Usage=LightingModel=MSM_DefaultLit, BlendMode=BLEND_Opaque, SpecialEngine=0, TwoSided=0, TSNormal=1, Masked=0, Distorted=0, WritesEveryPixel=1, ModifiesMeshPosition=0, Usage={}"
"/Game/Assets/Asylum/AsylumDecorations/Models/SurgeryLamp.SurgeryLamp","0","0","0","14","0","Compiling SurgeryLamp: Platform=PCD3D_SM5, Usage=LightingModel=MSM_DefaultLit, BlendMode=BLEND_Opaque, SpecialEngine=0, TwoSided=0, TSNormal=1, Masked=0, Distorted=0, WritesEveryPixel=1, ModifiesMeshPosition=0, Usage={}"
"/Game/Assets/Asylum/AsylumDecorations/Models/Construction.Construction","0","0","0","14","0","Compiling Construction: Platform=PCD3D_SM5, Usage=LightingModel=MSM_DefaultLit, BlendMode=BLEND_Opaque, SpecialEngine=0, TwoSided=0, TSNormal=1, Masked=0, Distorted=0, WritesEveryPixel=1, ModifiesMeshPosition=0, Usage={}"
"/Game/Assets/Asylum/AsylumDecorations/Models/Matres.Matres","0","0","0","14","0","Compiling Matres: Platform=PCD3D_SM5, Usage=LightingModel=MSM_DefaultLit, BlendMode=BLEND_Opaque, SpecialEngine=0, TwoSided=0, TSNormal=1, Masked=0, Distorted=0, WritesEveryPixel=1, ModifiesMeshPosition=0, Usage={}"
"/Game/Assets/Asylum/AsylumDecorations/Models/Sofa_Patern.Sofa_Patern","0","0","0","14","0","Compiling Sofa_Patern: Platform=PCD3D_SM5, Usage=LightingModel=MSM_DefaultLit, BlendMode=BLEND_Opaque, SpecialEngine=0, TwoSided=0, TSNormal=1, Masked=0, Distorted=0, WritesEveryPixel=1, ModifiesMeshPosition=0, Usage={}"
"/Game/Assets/Asylum/AsylumDecorations/Models/Sofa_Bottom.Sofa_Bottom","0","0","0","14","0","Compiling Sofa_Bottom: Platform=PCD3D_SM5, Usage=LightingModel=MSM_DefaultLit, BlendMode=BLEND_Opaque, SpecialEngine=0, TwoSided=0, TSNormal=1, Masked=0, Distorted=0, WritesEveryPixel=1, ModifiesMeshPosition=0, Usage={}"
"/Game/Assets/Asylum/AsylumDecorations/Models/Sofa_Base.Sofa_Base","0","0","0","14","0","Compiling Sofa_Base: Platform=PCD3D_SM5, Usage=LightingModel=MSM_DefaultLit, BlendMode=BLEND_Opaque, SpecialEngine=0, TwoSided=0, TSNormal=1, Masked=0, Distorted=0, WritesEveryPixel=1, ModifiesMeshPosition=0, Usage={}"
"/Game/Assets/Asylum/AsylumDecorations/Models/SofaChair.SofaChair","0","0","0","14","0","Compiling SofaChair: Platform=PCD3D_SM5, Usage=LightingModel=MSM_DefaultLit, BlendMode=BLEND_Opaque, SpecialEngine=0, TwoSided=0, TSNormal=1, Masked=0, Distorted=0, WritesEveryPixel=1, ModifiesMeshPosition=0, Usage={}"
"/Game/Assets/Asylum/AsylumDecorations/Models/Sink.Sink","0","0","0","14","0","Compiling Sink: Platform=PCD3D_SM5, Usage=LightingModel=MSM_DefaultLit, BlendMode=BLEND_Opaque, SpecialEngine=0, TwoSided=0, TSNormal=1, Masked=0, Distorted=0, WritesEveryPixel=1, ModifiesMeshPosition=0, Usage={}"
"/Game/Assets/Asylum/AsylumDecorations/Models/Fridge_DoorD.Fridge_DoorD","0","0","0","14","0","Compiling Fridge_DoorD: Platform=PCD3D_SM5, Usage=LightingModel=MSM_DefaultLit, BlendMode=BLEND_Opaque, SpecialEngine=0, TwoSided=0, TSNormal=1, Masked=0, Distorted=0, WritesEveryPixel=1, ModifiesMeshPosition=0, Usage={}"
"/Game/Assets/Asylum/AsylumDecorations/Models/Shower.Shower","0","0","0","14","0","Compiling Shower: Platform=PCD3D_SM5, Usage=LightingModel=MSM_DefaultLit, BlendMode=BLEND_Opaque, SpecialEngine=0, TwoSided=0, TSNormal=1, Masked=0, Distorted=0, WritesEveryPixel=1, ModifiesMeshPosition=0, Usage={}"
"/Game/Assets/Asylum/AsylumDecorations/Models/ProjectorCloth.ProjectorCloth","0","0","0","14","0","Compiling ProjectorCloth: Platform=PCD3D_SM5, Usage=LightingModel=MSM_DefaultLit, BlendMode=BLEND_Opaque, SpecialEngine=0, TwoSided=0, TSNormal=1, Masked=0, Distorted=0, WritesEveryPixel=1, ModifiesMeshPosition=0, Usage={}"
"/Game/Assets/Asylum/AsylumDecorations/Models/Pillow.Pillow","0","0","0","14","0","Compiling Pillow: Platform=PCD3D_SM5, Usage=LightingModel=MSM_DefaultLit, BlendMode=BLEND_Opaque, SpecialEngine=0, TwoSided=0, TSNormal=1, Masked=0, Distorted=0, WritesEveryPixel=1, ModifiesMeshPosition=0, Usage={}"
"/Game/Assets/Asylum/AsylumDecorations/Models/PC_Monitor.PC_Monitor","0","0","0","14","0","Compiling PC_Monitor: Platform=PCD3D_SM5, Usage=LightingModel=MSM_DefaultLit, BlendMode=BLEND_Opaque, SpecialEngine=0, TwoSided=0, TSNormal=1, Masked=0, Distorted=0, WritesEveryPixel=1, ModifiesMeshPosition=0, Usage={}"
"/Game/Assets/Asylum/AsylumDecorations/Models/NeonLamp.NeonLamp","0","0","0","25","0","Compiling NeonLamp: Platform=PCD3D_SM5, Usage=LightingModel=MSM_DefaultLit, BlendMode=BLEND_Opaque, SpecialEngine=0, TwoSided=1, TSNormal=1, Masked=0, Distorted=0, WritesEveryPixel=1, ModifiesMeshPosition=0, Usage={bUsedWithStaticLighting}"
"/Game/Assets/Asylum/AsylumDecorations/Models/MorgueBox_Door.MorgueBox_Door","0","0","0","14","0","Compiling MorgueBox_Door: Platform=PCD3D_SM5, Usage=LightingModel=MSM_DefaultLit, BlendMode=BLEND_Opaque, SpecialEngine=0, TwoSided=0, TSNormal=1, Masked=0, Distorted=0, WritesEveryPixel=1, ModifiesMeshPosition=0, Usage={}"
"/Game/Assets/Asylum/AsylumDecorations/Models/MorgueBox_Bed.MorgueBox_Bed","0","0","0","14","0","Compiling MorgueBox_Bed: Platform=PCD3D_SM5, Usage=LightingModel=MSM_DefaultLit, BlendMode=BLEND_Opaque, SpecialEngine=0, TwoSided=0, TSNormal=1, Masked=0, Distorted=0, WritesEveryPixel=1, ModifiesMeshPosition=0, Usage={}"
"/Game/Assets/Asylum/AsylumDecorations/Models/MorgueBox.MorgueBox","0","0","0","14","0","Compiling MorgueBox: Platform=PCD3D_SM5, Usage=LightingModel=MSM_DefaultLit, BlendMode=BLEND_Opaque, SpecialEngine=0, TwoSided=0, TSNormal=1, Masked=0, Distorted=0, WritesEveryPixel=1, ModifiesMeshPosition=0, Usage={}"
"/Game/Assets/Asylum/AsylumDecorations/Models/LampWall.LampWall","0","0","0","14","0","Compiling LampWall: Platform=PCD3D_SM5, Usage=LightingModel=MSM_DefaultLit, BlendMode=BLEND_Opaque, SpecialEngine=0, TwoSided=0, TSNormal=1, Masked=0, Distorted=0, WritesEveryPixel=1, ModifiesMeshPosition=0, Usage={}"
"/Game/Assets/Asylum/AsylumDecorations/Models/KitchenShelf.KitchenShelf","0","0","0","14","0","Compiling KitchenShelf: Platform=PCD3D_SM5, Usage=LightingModel=MSM_DefaultLit, BlendMode=BLEND_Opaque, SpecialEngine=0, TwoSided=0, TSNormal=1, Masked=0, Distorted=0, WritesEveryPixel=1, ModifiesMeshPosition=0, Usage={}"
"/Game/Assets/Asylum/AsylumDecorations/Models/Keyboard__Keybord_png.Keyboard__Keybord_png","0","0","0","14","0","Compiling Keyboard__Keybord_png: Platform=PCD3D_SM5, Usage=LightingModel=MSM_DefaultLit, BlendMode=BLEND_Opaque, SpecialEngine=0, TwoSided=0, TSNormal=1, Masked=0, Distorted=0, WritesEveryPixel=1, ModifiesMeshPosition=0, Usage={}"
"/Game/Assets/Asylum/AsylumDecorations/Models/Heater.Heater","0","0","0","14","0","Compiling Heater: Platform=PCD3D_SM5, Usage=LightingModel=MSM_DefaultLit, BlendMode=BLEND_Opaque, SpecialEngine=0, TwoSided=0, TSNormal=1, Masked=0, Distorted=0, WritesEveryPixel=1, ModifiesMeshPosition=0, Usage={}"
"/Game/Assets/Asylum/AsylumDecorations/Models/Fridge_DoorH.Fridge_DoorH","0","0","0","14","0","Compiling Fridge_DoorH: Platform=PCD3D_SM5, Usage=LightingModel=MSM_DefaultLit, BlendMode=BLEND_Opaque, SpecialEngine=0, TwoSided=0, TSNormal=1, Masked=0, Distorted=0, WritesEveryPixel=1, ModifiesMeshPosition=0, Usage={}"
"/Game/Assets/Asylum/AsylumDecorations/Models/Fridge_Case.Fridge_Case","0","0","0","14","0","Compiling Fridge_Case: Platform=PCD3D_SM5, Usage=LightingModel=MSM_DefaultLit, BlendMode=BLEND_Opaque, SpecialEngine=0, TwoSided=0, TSNormal=1, Masked=0, Distorted=0, WritesEveryPixel=1, ModifiesMeshPosition=0, Usage={}"
"/Game/Assets/Asylum/AsylumDecorations/Textures/FloorWood_Mat.FloorWood_Mat","0","0","0","14","0","Compiling FloorWood_Mat: Platform=PCD3D_SM5, Usage=LightingModel=MSM_DefaultLit, BlendMode=BLEND_Opaque, SpecialEngine=0, TwoSided=0, TSNormal=1, Masked=0, Distorted=0, WritesEveryPixel=1, ModifiesMeshPosition=0, Usage={}"
"/Game/Assets/Asylum/AsylumDecorations/Models/FloorWood.FloorWood","0","0","0","14","0","Compiling FloorWood: Platform=PCD3D_SM5, Usage=LightingModel=MSM_DefaultLit, BlendMode=BLEND_Opaque, SpecialEngine=0, TwoSided=0, TSNormal=1, Masked=0, Distorted=0, WritesEveryPixel=1, ModifiesMeshPosition=0, Usage={}"
"/Game/Assets/Asylum/AsylumDecorations/Models/Checkerboard.Checkerboard","0","0","0","14","0","Compiling Checkerboard: Platform=PCD3D_SM5, Usage=LightingModel=MSM_DefaultLit, BlendMode=BLEND_Opaque, SpecialEngine=0, TwoSided=0, TSNormal=1, Masked=0, Distorted=0, WritesEveryPixel=1, ModifiesMeshPosition=0, Usage={}"
"/Game/Assets/Asylum/AsylumDecorations/Models/FilmProjector.FilmProjector","0","0","0","14","0","Compiling FilmProjector: Platform=PCD3D_SM5, Usage=LightingModel=MSM_DefaultLit, BlendMode=BLEND_Opaque, SpecialEngine=0, TwoSided=0, TSNormal=1, Masked=0, Distorted=0, WritesEveryPixel=1, ModifiesMeshPosition=0, Usage={}"
"/Game/Assets/Asylum/AsylumDecorations/Models/Door_Frame.Door_Frame","0","0","0","14","0","Compiling Door_Frame: Platform=PCD3D_SM5, Usage=LightingModel=MSM_DefaultLit, BlendMode=BLEND_Opaque, SpecialEngine=0, TwoSided=0, TSNormal=1, Masked=0, Distorted=0, WritesEveryPixel=1, ModifiesMeshPosition=0, Usage={}"
"/DatasmithContent/Materials/RevitReference.RevitReference","0","0","0","46","0","Compiling RevitReference: Platform=PCD3D_SM5, Usage=LightingModel=MSM_DefaultLit, BlendMode=BLEND_Opaque, SpecialEngine=0, TwoSided=0, TSNormal=1, Masked=0, Distorted=0, WritesEveryPixel=1, ModifiesMeshPosition=0, Usage={bUsedWithStaticLighting,bUsedWithInstancedStaticMeshes}, StaticSwitch'IsMetal2-1'=False, StaticSwitch'IsPBR2-1'=False, StaticSwitch'RoughnessMapEnable2-1'=False, StaticSwitch'SelfIlluminationMapEnable2-1'=False, StaticSwitch'TintEnabled2-1'=False"
"/DatasmithContent/Materials/RevitReference.RevitReference","0","0","0","46","138","Compiling RevitReference: Platform=PCD3D_SM5, Usage=LightingModel=MSM_DefaultLit, BlendMode=BLEND_Opaque, SpecialEngine=0, TwoSided=0, TSNormal=1, Masked=0, Distorted=0, WritesEveryPixel=1, ModifiesMeshPosition=0, Usage={bUsedWithStaticLighting,bUsedWithInstancedStaticMeshes}, StaticSwitch'IsMetal2-1'=True, StaticSwitch'IsPBR2-1'=False, StaticSwitch'RoughnessMapEnable2-1'=False, StaticSwitch'SelfIlluminationMapEnable2-1'=False, StaticSwitch'TintEnabled2-1'=False"
"/DatasmithContent/Materials/RevitReference.RevitReference","0","0","0","58","0","Compiling RevitReference: Platform=PCD3D_SM5, Usage=LightingModel=MSM_DefaultLit, BlendMode=BLEND_Translucent, SpecialEngine=0, TwoSided=0, TSNormal=1, Masked=0, Distorted=1, WritesEveryPixel=1, ModifiesMeshPosition=0, Usage={bUsedWithStaticLighting,bUsedWithInstancedStaticMeshes}, StaticSwitch'IsMetal2-1'=False, StaticSwitch'IsPBR2-1'=False, StaticSwitch'RoughnessMapEnable2-1'=False, StaticSwitch'SelfIlluminationMapEnable2-1'=False, StaticSwitch'TintEnabled2-1'=False"
"/DatasmithContent/Materials/C4DReference.C4DReference","0","0","0","23","0","Compiling C4DReference: Platform=PCD3D_SM5, Usage=LightingModel=MSM_DefaultLit, BlendMode=BLEND_Opaque, SpecialEngine=0, TwoSided=0, TSNormal=1, Masked=0, Distorted=0, WritesEveryPixel=1, ModifiesMeshPosition=0, Usage={bUsedWithStaticLighting}, StaticSwitch'MixMode_Add2-1'=False, StaticSwitch'MixMode_Multiply2-1'=False, StaticSwitch'MixMode_Normal2-1'=False, StaticSwitch'MixMode_Subtract2-1'=False, StaticSwitch'Use_Alpha2-1'=False, StaticSwitch'Use_Alpha_Invert2-1'=False, StaticSwitch'Use_Alpha_UV_Controls2-1'=False, StaticSwitch'Use_AO2-1'=False, StaticSwitch'Use_AO_UV_Controls2-1'=False, StaticSwitch'Use_Color2-1'=False, StaticSwitch'Use_Color_UV_Controls2-1'=False, StaticSwitch'Use_ColorMap2-1'=False, StaticSwitch'Use_Emissive2-1'=False, StaticSwitch'Use_Emissive_UV_Controls2-1'=False, StaticSwitch'Use_EmissiveMap2-1'=False, StaticSwitch'Use_Metalic2-1'=False, StaticSwitch'Use_Metalic_UV_Controls2-1'=False, StaticSwitch'Use_MetalicMap2-1'=False, StaticSwitch'Use_Normal2-1'=False, StaticSwitch'Use_Normal_UV_Controls2-1'=False, StaticSwitch'Use_Reflectance2-1'=False, StaticSwitch'Use_ReflectionColor2-1'=False, StaticSwitch'Use_Roughness_UV_Controls2-1'=False, StaticSwitch'Use_RoughnessMap2-1'=False, StaticSwitch'Use_Specular2-1'=False, StaticSwitch'Use_Transparency2-1'=False, StaticSwitch'Use_Transparency_UV_Controls2-1'=False, StaticSwitch'Use_TransparencyMap2-1'=False, StaticSwitch'Use_World_Space_UV2-1'=False"
"/Game/Assets/Asylum/AsylumDecorations/Models/BigBoiler.BigBoiler","0","0","0","14","0","Compiling BigBoiler: Platform=PCD3D_SM5, Usage=LightingModel=MSM_DefaultLit, BlendMode=BLEND_Opaque, SpecialEngine=0, TwoSided=0, TSNormal=1, Masked=0, Distorted=0, WritesEveryPixel=1, ModifiesMeshPosition=0, Usage={}"
"/Game/Assets/Asylum/AsylumDecorations/Models/Door.Door","0","0","0","14","0","Compiling Door: Platform=PCD3D_SM5, Usage=LightingModel=MSM_DefaultLit, BlendMode=BLEND_Opaque, SpecialEngine=0, TwoSided=0, TSNormal=1, Masked=0, Distorted=0, WritesEveryPixel=1, ModifiesMeshPosition=0, Usage={}"
"/Game/Assets/Asylum/AsylumDecorations/Models/CurtainsMedic.CurtainsMedic","0","0","0","14","0","Compiling CurtainsMedic: Platform=PCD3D_SM5, Usage=LightingModel=MSM_DefaultLit, BlendMode=BLEND_Opaque, SpecialEngine=0, TwoSided=0, TSNormal=1, Masked=0, Distorted=0, WritesEveryPixel=1, ModifiesMeshPosition=0, Usage={}"
"/Game/Assets/Asylum/AsylumDecorations/Models/Cupboard.Cupboard","0","0","0","14","0","Compiling Cupboard: Platform=PCD3D_SM5, Usage=LightingModel=MSM_DefaultLit, BlendMode=BLEND_Opaque, SpecialEngine=0, TwoSided=0, TSNormal=1, Masked=0, Distorted=0, WritesEveryPixel=1, ModifiesMeshPosition=0, Usage={}"
"/Game/Assets/Asylum/AsylumDecorations/Models/CupboardLight_Broken.CupboardLight_Broken","0","0","0","14","0","Compiling CupboardLight_Broken: Platform=PCD3D_SM5, Usage=LightingModel=MSM_DefaultLit, BlendMode=BLEND_Opaque, SpecialEngine=0, TwoSided=0, TSNormal=1, Masked=0, Distorted=0, WritesEveryPixel=1, ModifiesMeshPosition=0, Usage={}"
"/Game/Assets/Asylum/AsylumDecorations/Models/Chandelier.Chandelier","0","0","0","14","0","Compiling Chandelier: Platform=PCD3D_SM5, Usage=LightingModel=MSM_DefaultLit, BlendMode=BLEND_Opaque, SpecialEngine=0, TwoSided=0, TSNormal=1, Masked=0, Distorted=0, WritesEveryPixel=1, ModifiesMeshPosition=0, Usage={}"
"/Game/Assets/Asylum/AsylumDecorations/Models/ChairOffice.ChairOffice","0","0","0","14","0","Compiling ChairOffice: Platform=PCD3D_SM5, Usage=LightingModel=MSM_DefaultLit, BlendMode=BLEND_Opaque, SpecialEngine=0, TwoSided=0, TSNormal=1, Masked=0, Distorted=0, WritesEveryPixel=1, ModifiesMeshPosition=0, Usage={}"
"/Game/Assets/Asylum/AsylumDecorations/Models/Carpet.Carpet","0","0","0","14","0","Compiling Carpet: Platform=PCD3D_SM5, Usage=LightingModel=MSM_DefaultLit, BlendMode=BLEND_Opaque, SpecialEngine=0, TwoSided=0, TSNormal=1, Masked=0, Distorted=0, WritesEveryPixel=1, ModifiesMeshPosition=0, Usage={}"
"/Game/Assets/Asylum/AsylumDecorations/Models/BigShelf.BigShelf","0","0","0","14","0","Compiling BigShelf: Platform=PCD3D_SM5, Usage=LightingModel=MSM_DefaultLit, BlendMode=BLEND_Opaque, SpecialEngine=0, TwoSided=0, TSNormal=1, Masked=0, Distorted=0, WritesEveryPixel=1, ModifiesMeshPosition=0, Usage={}"
"/Game/Assets/Asylum/AsylumDecorations/Models/BigHangs.BigHangs","0","0","0","16","0","Compiling BigHangs: Platform=PCD3D_SM5, Usage=LightingModel=MSM_DefaultLit, BlendMode=BLEND_Opaque, SpecialEngine=0, TwoSided=1, TSNormal=1, Masked=0, Distorted=0, WritesEveryPixel=1, ModifiesMeshPosition=0, Usage={}"
"/Game/Assets/Asylum/AsylumDecorations/Models/Bed.Bed","0","0","0","14","0","Compiling Bed: Platform=PCD3D_SM5, Usage=LightingModel=MSM_DefaultLit, BlendMode=BLEND_Opaque, SpecialEngine=0, TwoSided=0, TSNormal=1, Masked=0, Distorted=0, WritesEveryPixel=1, ModifiesMeshPosition=0, Usage={}"
"/Game/Assets/Asylum/AsylumDecorations/Models/BedFeather.BedFeather","0","0","0","14","0","Compiling BedFeather: Platform=PCD3D_SM5, Usage=LightingModel=MSM_DefaultLit, BlendMode=BLEND_Opaque, SpecialEngine=0, TwoSided=0, TSNormal=1, Masked=0, Distorted=0, WritesEveryPixel=1, ModifiesMeshPosition=0, Usage={}"
"/Game/Assets/Asylum/AsylumDecorations/Models/Antlers.Antlers","0","0","0","14","0","Compiling Antlers: Platform=PCD3D_SM5, Usage=LightingModel=MSM_DefaultLit, BlendMode=BLEND_Opaque, SpecialEngine=0, TwoSided=0, TSNormal=1, Masked=0, Distorted=0, WritesEveryPixel=1, ModifiesMeshPosition=0, Usage={}"
"/Engine/EngineMaterials/PPM_DefaultCalibrationGrayscale.PPM_DefaultCalibrationGrayscale","0","0","0","4","0","Compiling PPM_DefaultCalibrationGrayscale: Platform=PCD3D_SM5, Usage=LightingModel=MSM_Unlit, BlendMode=BLEND_Opaque, SpecialEngine=0, TwoSided=0, TSNormal=1, Masked=0, Distorted=0, WritesEveryPixel=1, ModifiesMeshPosition=0, Usage={}"
"/Engine/EngineMaterials/PPM_DefaultCalibrationColor.PPM_DefaultCalibrationColor","0","0","0","4","0","Compiling PPM_DefaultCalibrationColor: Platform=PCD3D_SM5, Usage=LightingModel=MSM_Unlit, BlendMode=BLEND_Opaque, SpecialEngine=0, TwoSided=0, TSNormal=1, Masked=0, Distorted=0, WritesEveryPixel=1, ModifiesMeshPosition=0, Usage={}"
"/Engine/EditorMaterials/PreviewShadowIndicatorMaterial.PreviewShadowIndicatorMaterial","0","0","0","35","0","Compiling PreviewShadowIndicatorMaterial: Platform=PCD3D_SM5, Usage=LightingModel=MSM_Unlit, BlendMode=BLEND_Opaque, SpecialEngine=0, TwoSided=0, TSNormal=1, Masked=0, Distorted=0, WritesEveryPixel=1, ModifiesMeshPosition=0, Usage={}"
"/Game/StarterContent/Materials/M_Metal_Rust.M_Metal_Rust","0","0","0","23","0","Compiling M_Metal_Rust: Platform=PCD3D_SM5, Usage=LightingModel=MSM_DefaultLit, BlendMode=BLEND_Opaque, SpecialEngine=0, TwoSided=0, TSNormal=1, Masked=0, Distorted=0, WritesEveryPixel=1, ModifiesMeshPosition=0, Usage={bUsedWithStaticLighting}"
"/Game/Assets/Grass/M_FieldGrass_01.M_FieldGrass_01","0","0","0","84","84","Compiling M_FieldGrass_01: Platform=PCD3D_SM5, Usage=LightingModel=MSM_Subsurface, BlendMode=BLEND_Masked, SpecialEngine=0, TwoSided=1, TSNormal=0, Masked=1, Distorted=0, WritesEveryPixel=0, ModifiesMeshPosition=1, Usage={bUsedWithStaticLighting,bUsedWithInstancedStaticMeshes,bUsedWithNanite}, StaticSwitch'UseWPO2-1'=True, StaticSwitch'UseWPOWaves2-1'=True"
"/Game/Assets/Grass/M_FieldGrass_01.M_FieldGrass_01","0","0","0","84","0","Compiling M_FieldGrass_01: Platform=PCD3D_SM5, Usage=LightingModel=MSM_Subsurface, BlendMode=BLEND_Masked, SpecialEngine=0, TwoSided=1, TSNormal=0, Masked=1, Distorted=0, WritesEveryPixel=0, ModifiesMeshPosition=1, Usage={bUsedWithStaticLighting,bUsedWithInstancedStaticMeshes,bUsedWithNanite}, StaticSwitch'UseWPO2-1'=False, StaticSwitch'UseWPOWaves2-1'=True"
"/SpeedTreeImporter/SpeedTree9/SpeedTreeBillboardMaster.SpeedTreeBillboardMaster","0","0","0","58","0","Compiling SpeedTreeBillboardMaster: Platform=PCD3D_SM5, Usage=LightingModel=MSM_TwoSidedFoliage, BlendMode=BLEND_Masked, SpecialEngine=0, TwoSided=0, TSNormal=1, Masked=1, Distorted=0, WritesEveryPixel=0, ModifiesMeshPosition=1, Usage={bUsedWithInstancedStaticMeshes}, StaticSwitch'SharedEnable2-1'=True"
"/SpeedTreeImporter/SpeedTree9/SpeedTreeMaster.SpeedTreeMaster","0","0","0","84","0","Compiling SpeedTreeMaster: Platform=PCD3D_SM5, Usage=LightingModel=MSM_TwoSidedFoliage, BlendMode=BLEND_Masked, SpecialEngine=0, TwoSided=1, TSNormal=1, Masked=1, Distorted=0, WritesEveryPixel=0, ModifiesMeshPosition=1, Usage={bUsedWithStaticLighting,bUsedWithInstancedStaticMeshes}, StaticSwitch'Branch1Enable2-1'=True, StaticSwitch'Branch2Enable2-1'=False, StaticSwitch'FlipBacksideNormals2-1'=True, StaticSwitch'HandleCameraFacing2-1'=False, StaticSwitch'HasBranch2Data_Internal2-1'=False, StaticSwitch'RippleEnable2-1'=True, StaticSwitch'RippleShimmerEnable2-1'=False, StaticSwitch'SharedEnable2-1'=True"
"/DatasmithContent/Materials/CE_OpacitySimpleReference.CE_OpacitySimpleReference","0","0","0","84","0","Compiling CE_OpacitySimpleReference: Platform=PCD3D_SM5, Usage=LightingModel=MSM_DefaultLit, BlendMode=BLEND_Masked, SpecialEngine=0, TwoSided=0, TSNormal=1, Masked=1, Distorted=0, WritesEveryPixel=0, ModifiesMeshPosition=0, Usage={bUsedWithStaticLighting,bUsedWithInstancedStaticMeshes}"
"/DatasmithContent/Materials/CE_OpacityReference.CE_OpacityReference","0","0","0","22","0","Compiling CE_OpacityReference: Platform=PCD3D_SM5, Usage=LightingModel=MSM_DefaultLit, BlendMode=BLEND_Translucent, SpecialEngine=0, TwoSided=0, TSNormal=1, Masked=0, Distorted=0, WritesEveryPixel=1, ModifiesMeshPosition=0, Usage={}"
"/DatasmithContent/Materials/CE_OpaqueReference.CE_OpaqueReference","0","0","0","46","0","Compiling CE_OpaqueReference: Platform=PCD3D_SM5, Usage=LightingModel=MSM_DefaultLit, BlendMode=BLEND_Opaque, SpecialEngine=0, TwoSided=0, TSNormal=1, Masked=0, Distorted=0, WritesEveryPixel=1, ModifiesMeshPosition=0, Usage={bUsedWithStaticLighting,bUsedWithInstancedStaticMeshes}"
"/Game/FirstPersonArms/Character/Materials/M_UE4Man_Body.M_UE4Man_Body","0","0","0","54","0","Compiling M_UE4Man_Body: Platform=PCD3D_SM5, Usage=LightingModel=MSM_DefaultLit, BlendMode=BLEND_Masked, SpecialEngine=0, TwoSided=0, TSNormal=1, Masked=1, Distorted=0, WritesEveryPixel=0, ModifiesMeshPosition=0, Usage={bUsedWithSkeletalMesh}, StaticSwitch'PlasticOverride2-1'=False"
"/Game/STF/Landscape/Environment/Foliage/Pines/M_pines_lod3.M_pines_lod3","0","0","0","84","0","Compiling M_pines_lod3: Platform=PCD3D_SM5, Usage=LightingModel=MSM_TwoSidedFoliage, BlendMode=BLEND_Masked, SpecialEngine=0, TwoSided=0, TSNormal=1, Masked=1, Distorted=0, WritesEveryPixel=0, ModifiesMeshPosition=0, Usage={bUsedWithStaticLighting,bUsedWithInstancedStaticMeshes}"
"/DatasmithContent/Materials/StdEmissive/M_StdEmissive.M_StdEmissive","0","0","0","109","0","Compiling M_StdEmissive: Platform=PCD3D_SM5, Usage=LightingModel=MSM_DefaultLit, BlendMode=BLEND_Masked, SpecialEngine=0, TwoSided=0, TSNormal=1, Masked=1, Distorted=0, WritesEveryPixel=0, ModifiesMeshPosition=0, Usage={bUsedWithSkeletalMesh,bUsedWithStaticLighting,bUsedWithInstancedStaticMeshes,bUsedWithNanite}, StaticSwitch'UseTriplanarProjection2-1'=False, StaticSwitch'UseTriplanarWorldSpace2-1'=False"
"/DatasmithContent/Materials/StdTranslucent/M_StdTranslucent.M_StdTranslucent","0","0","0","90","0","Compiling M_StdTranslucent: Platform=PCD3D_SM5, Usage=LightingModel=MSM_DefaultLit, BlendMode=BLEND_Translucent, SpecialEngine=0, TwoSided=0, TSNormal=1, Masked=0, Distorted=1, WritesEveryPixel=1, ModifiesMeshPosition=0, Usage={bUsedWithSkeletalMesh,bUsedWithStaticLighting,bUsedWithInstancedStaticMeshes}, StaticSwitch'UseGlassMask2-1'=False, StaticSwitch'UseTriplanarProjection2-1'=False, StaticSwitch'UseTriplanarWorldSpace2-1'=False"
"/DatasmithContent/Materials/StdOpaque/M_StdOpaque.M_StdOpaque","0","0","0","149","0","Compiling M_StdOpaque: Platform=PCD3D_SM5, Usage=LightingModel=MSM_DefaultLit, BlendMode=BLEND_Masked, SpecialEngine=0, TwoSided=0, TSNormal=1, Masked=1, Distorted=0, WritesEveryPixel=0, ModifiesMeshPosition=0, Usage={bUsedWithSkeletalMesh,bUsedWithStaticLighting,bUsedWithSplineMeshes,bUsedWithInstancedStaticMeshes,bUsedWithNanite}, StaticSwitch'EnableRayTracingOptims2-1'=False, StaticSwitch'UseHeightMap2-1'=False, StaticSwitch'UseTriplanarProjection2-1'=False, StaticSwitch'UseTriplanarWorldSpace2-1'=False"
"/DatasmithContent/Materials/StdDecal/M_StdDecal.M_StdDecal","0","0","0","65","0","Compiling M_StdDecal: Platform=PCD3D_SM5, Usage=LightingModel=MSM_DefaultLit, BlendMode=BLEND_Translucent, SpecialEngine=0, TwoSided=0, TSNormal=1, Masked=0, Distorted=0, WritesEveryPixel=1, ModifiesMeshPosition=0, Usage={bUsedWithSkeletalMesh,bUsedWithInstancedStaticMeshes}, StaticSwitch'EnableRayTracingOptims2-1'=False, StaticSwitch'UseCustomOpacityMap2-1'=False, StaticSwitch'UseHeightMap2-1'=False"
"/Game/STF/Landscape/Environment/Foliage/Pines/M_tree_pine_Leafs_Material.M_tree_pine_Leafs_Material","0","0","0","84","0","Compiling M_tree_pine_Leafs_Material: Platform=PCD3D_SM5, Usage=LightingModel=MSM_TwoSidedFoliage, BlendMode=BLEND_Masked, SpecialEngine=0, TwoSided=1, TSNormal=0, Masked=1, Distorted=0, WritesEveryPixel=0, ModifiesMeshPosition=1, Usage={bUsedWithStaticLighting,bUsedWithInstancedStaticMeshes}, StaticSwitch'Allow Wind 1 Calculations To Affect Wind 2's Rotation2-1'=True, StaticSwitch'Allow Wind 1 Calculations To Affect Wind 3's Rotation2-1'=True, StaticSwitch'Allow Wind 1 Calculations To Affect Wind 4's Rotation2-1'=True, StaticSwitch'Allow Wind 2 Calculations To Affect Wind 3's Rotation2-1'=True, StaticSwitch'Allow Wind 2 Calculations To Affect Wind 4's Rotation2-1'=True, StaticSwitch'Animate Level 12-1'=True, StaticSwitch'Animate Level 1 Normals2-1'=False, StaticSwitch'Animate Level 22-1'=True, StaticSwitch'Animate Level 2 Normals2-1'=False, StaticSwitch'Animate Level 32-1'=False, StaticSwitch'Animate Level 3 Normals2-1'=False, StaticSwitch'Animate Level 42-1'=False, StaticSwitch'Animate Level 4 Normals2-1'=False, StaticSwitch'Expose Previous Frame Time2-1'=False, StaticSwitch'Manually Control Pivot Painter 2 Foliage Animation Time2-1'=False, StaticSwitch'WindPerInstanceRandom2-1'=False"
"/Game/STF/Landscape/Environment/Foliage/Pines/M_tree_pine_Leafs_Material.M_tree_pine_Leafs_Material","0","0","0","84","0","Compiling M_tree_pine_Leafs_Material: Platform=PCD3D_SM5, Usage=LightingModel=MSM_TwoSidedFoliage, BlendMode=BLEND_Masked, SpecialEngine=0, TwoSided=1, TSNormal=0, Masked=1, Distorted=0, WritesEveryPixel=0, ModifiesMeshPosition=1, Usage={bUsedWithStaticLighting,bUsedWithInstancedStaticMeshes}, StaticSwitch'Allow Wind 1 Calculations To Affect Wind 2's Rotation2-1'=False, StaticSwitch'Allow Wind 1 Calculations To Affect Wind 3's Rotation2-1'=False, StaticSwitch'Allow Wind 1 Calculations To Affect Wind 4's Rotation2-1'=False, StaticSwitch'Allow Wind 2 Calculations To Affect Wind 3's Rotation2-1'=False, StaticSwitch'Allow Wind 2 Calculations To Affect Wind 4's Rotation2-1'=False, StaticSwitch'Animate Level 12-1'=False, StaticSwitch'Animate Level 1 Normals2-1'=False, StaticSwitch'Animate Level 22-1'=False, StaticSwitch'Animate Level 2 Normals2-1'=False, StaticSwitch'Animate Level 32-1'=False, StaticSwitch'Animate Level 3 Normals2-1'=False, StaticSwitch'Animate Level 42-1'=False, StaticSwitch'Animate Level 4 Normals2-1'=False, StaticSwitch'Expose Previous Frame Time2-1'=False, StaticSwitch'Manually Control Pivot Painter 2 Foliage Animation Time2-1'=False, StaticSwitch'WindPerInstanceRandom2-1'=True"
"/Game/STF/Landscape/Environment/Foliage/Pines/M_tree_pine_bark_diffuse_material.M_tree_pine_bark_diffuse_material","0","0","0","84","0","Compiling M_tree_pine_bark_diffuse_material: Platform=PCD3D_SM5, Usage=LightingModel=MSM_DefaultLit, BlendMode=BLEND_Opaque, SpecialEngine=0, TwoSided=0, TSNormal=1, Masked=0, Distorted=0, WritesEveryPixel=0, ModifiesMeshPosition=1, Usage={bUsedWithStaticLighting,bUsedWithInstancedStaticMeshes}, StaticSwitch'Allow Wind 1 Calculations To Affect Wind 2's Rotation2-1'=True, StaticSwitch'Allow Wind 1 Calculations To Affect Wind 3's Rotation2-1'=False, StaticSwitch'Allow Wind 1 Calculations To Affect Wind 4's Rotation2-1'=False, StaticSwitch'Allow Wind 2 Calculations To Affect Wind 3's Rotation2-1'=False, StaticSwitch'Allow Wind 2 Calculations To Affect Wind 4's Rotation2-1'=False, StaticSwitch'Animate Level 12-1'=True, StaticSwitch'Animate Level 1 Normals2-1'=False, StaticSwitch'Animate Level 22-1'=True, StaticSwitch'Animate Level 2 Normals2-1'=False, StaticSwitch'Animate Level 32-1'=False, StaticSwitch'Animate Level 3 Normals2-1'=False, StaticSwitch'Animate Level 42-1'=False, StaticSwitch'Animate Level 4 Normals2-1'=False, StaticSwitch'Expose Previous Frame Time2-1'=False, StaticSwitch'Manually Control Pivot Painter 2 Foliage Animation Time2-1'=False, StaticSwitch'WindPerInstanceRandom2-1'=False"
"/Game/STF/Landscape/Environment/Foliage/Pines/M_tree_pine_bark_diffuse_material.M_tree_pine_bark_diffuse_material","0","0","0","84","0","Compiling M_tree_pine_bark_diffuse_material: Platform=PCD3D_SM5, Usage=LightingModel=MSM_DefaultLit, BlendMode=BLEND_Opaque, SpecialEngine=0, TwoSided=0, TSNormal=1, Masked=0, Distorted=0, WritesEveryPixel=0, ModifiesMeshPosition=1, Usage={bUsedWithStaticLighting,bUsedWithInstancedStaticMeshes}, StaticSwitch'Allow Wind 1 Calculations To Affect Wind 2's Rotation2-1'=False, StaticSwitch'Allow Wind 1 Calculations To Affect Wind 3's Rotation2-1'=False, StaticSwitch'Allow Wind 1 Calculations To Affect Wind 4's Rotation2-1'=False, StaticSwitch'Allow Wind 2 Calculations To Affect Wind 3's Rotation2-1'=False, StaticSwitch'Allow Wind 2 Calculations To Affect Wind 4's Rotation2-1'=False, StaticSwitch'Animate Level 12-1'=False, StaticSwitch'Animate Level 1 Normals2-1'=False, StaticSwitch'Animate Level 22-1'=False, StaticSwitch'Animate Level 2 Normals2-1'=False, StaticSwitch'Animate Level 32-1'=False, StaticSwitch'Animate Level 3 Normals2-1'=False, StaticSwitch'Animate Level 42-1'=False, StaticSwitch'Animate Level 4 Normals2-1'=False, StaticSwitch'Expose Previous Frame Time2-1'=False, StaticSwitch'Manually Control Pivot Painter 2 Foliage Animation Time2-1'=False, StaticSwitch'WindPerInstanceRandom2-1'=True"
"/Game/STF/Landscape/Environment/Foliage/DeadTrees/M_tree_dead_bark.M_tree_dead_bark","0","0","0","84","0","Compiling M_tree_dead_bark: Platform=PCD3D_SM5, Usage=LightingModel=MSM_DefaultLit, BlendMode=BLEND_Opaque, SpecialEngine=0, TwoSided=1, TSNormal=1, Masked=0, Distorted=0, WritesEveryPixel=0, ModifiesMeshPosition=1, Usage={bUsedWithStaticLighting,bUsedWithInstancedStaticMeshes}, StaticSwitch'Allow Wind 1 Calculations To Affect Wind 2's Rotation2-1'=False, StaticSwitch'Allow Wind 1 Calculations To Affect Wind 3's Rotation2-1'=False, StaticSwitch'Allow Wind 1 Calculations To Affect Wind 4's Rotation2-1'=False, StaticSwitch'Allow Wind 2 Calculations To Affect Wind 3's Rotation2-1'=False, StaticSwitch'Allow Wind 2 Calculations To Affect Wind 4's Rotation2-1'=False, StaticSwitch'Animate Level 12-1'=False, StaticSwitch'Animate Level 1 Normals2-1'=False, StaticSwitch'Animate Level 22-1'=False, StaticSwitch'Animate Level 2 Normals2-1'=False, StaticSwitch'Animate Level 32-1'=False, StaticSwitch'Animate Level 3 Normals2-1'=False, StaticSwitch'Animate Level 42-1'=False, StaticSwitch'Animate Level 4 Normals2-1'=False, StaticSwitch'Expose Previous Frame Time2-1'=False, StaticSwitch'Manually Control Pivot Painter 2 Foliage Animation Time2-1'=False, StaticSwitch'WindPerInstanceRandom2-1'=True"
"/Game/STF/Landscape/Environment/Foliage/DeadTrees/M_tree_dead_bark.M_tree_dead_bark","0","0","0","84","0","Compiling M_tree_dead_bark: Platform=PCD3D_SM5, Usage=LightingModel=MSM_DefaultLit, BlendMode=BLEND_Opaque, SpecialEngine=0, TwoSided=1, TSNormal=1, Masked=0, Distorted=0, WritesEveryPixel=0, ModifiesMeshPosition=1, Usage={bUsedWithStaticLighting,bUsedWithInstancedStaticMeshes}, StaticSwitch'Allow Wind 1 Calculations To Affect Wind 2's Rotation2-1'=True, StaticSwitch'Allow Wind 1 Calculations To Affect Wind 3's Rotation2-1'=True, StaticSwitch'Allow Wind 1 Calculations To Affect Wind 4's Rotation2-1'=True, StaticSwitch'Allow Wind 2 Calculations To Affect Wind 3's Rotation2-1'=True, StaticSwitch'Allow Wind 2 Calculations To Affect Wind 4's Rotation2-1'=True, StaticSwitch'Animate Level 12-1'=True, StaticSwitch'Animate Level 1 Normals2-1'=False, StaticSwitch'Animate Level 22-1'=True, StaticSwitch'Animate Level 2 Normals2-1'=False, StaticSwitch'Animate Level 32-1'=True, StaticSwitch'Animate Level 3 Normals2-1'=False, StaticSwitch'Animate Level 42-1'=True, StaticSwitch'Animate Level 4 Normals2-1'=False, StaticSwitch'Expose Previous Frame Time2-1'=True, StaticSwitch'Manually Control Pivot Painter 2 Foliage Animation Time2-1'=False, StaticSwitch'WindPerInstanceRandom2-1'=False"
"/Game/STF/Landscape/Environment/Foliage/DeadTrees/M_dead-tree-leafs.M_dead-tree-leafs","0","0","0","84","0","Compiling M_dead-tree-leafs: Platform=PCD3D_SM5, Usage=LightingModel=MSM_TwoSidedFoliage, BlendMode=BLEND_Masked, SpecialEngine=0, TwoSided=1, TSNormal=1, Masked=1, Distorted=0, WritesEveryPixel=0, ModifiesMeshPosition=1, Usage={bUsedWithStaticLighting,bUsedWithInstancedStaticMeshes}, StaticSwitch'Allow Wind 1 Calculations To Affect Wind 2's Rotation2-1'=False, StaticSwitch'Allow Wind 1 Calculations To Affect Wind 3's Rotation2-1'=False, StaticSwitch'Allow Wind 1 Calculations To Affect Wind 4's Rotation2-1'=False, StaticSwitch'Allow Wind 2 Calculations To Affect Wind 3's Rotation2-1'=False, StaticSwitch'Allow Wind 2 Calculations To Affect Wind 4's Rotation2-1'=False, StaticSwitch'Animate Level 12-1'=False, StaticSwitch'Animate Level 1 Normals2-1'=False, StaticSwitch'Animate Level 22-1'=False, StaticSwitch'Animate Level 2 Normals2-1'=False, StaticSwitch'Animate Level 32-1'=False, StaticSwitch'Animate Level 3 Normals2-1'=False, StaticSwitch'Animate Level 42-1'=False, StaticSwitch'Animate Level 4 Normals2-1'=False, StaticSwitch'Expose Previous Frame Time2-1'=False, StaticSwitch'Manually Control Pivot Painter 2 Foliage Animation Time2-1'=False, StaticSwitch'WindPerInstanceRandom2-1'=True"
"/Game/STF/Landscape/Environment/Foliage/DeadTrees/M_dead-tree-leafs.M_dead-tree-leafs","0","0","0","84","168","Compiling M_dead-tree-leafs: Platform=PCD3D_SM5, Usage=LightingModel=MSM_TwoSidedFoliage, BlendMode=BLEND_Masked, SpecialEngine=0, TwoSided=1, TSNormal=1, Masked=1, Distorted=0, WritesEveryPixel=0, ModifiesMeshPosition=1, Usage={bUsedWithStaticLighting,bUsedWithInstancedStaticMeshes}, StaticSwitch'Allow Wind 1 Calculations To Affect Wind 2's Rotation2-1'=True, StaticSwitch'Allow Wind 1 Calculations To Affect Wind 3's Rotation2-1'=True, StaticSwitch'Allow Wind 1 Calculations To Affect Wind 4's Rotation2-1'=True, StaticSwitch'Allow Wind 2 Calculations To Affect Wind 3's Rotation2-1'=True, StaticSwitch'Allow Wind 2 Calculations To Affect Wind 4's Rotation2-1'=True, StaticSwitch'Animate Level 12-1'=True, StaticSwitch'Animate Level 1 Normals2-1'=False, StaticSwitch'Animate Level 22-1'=True, StaticSwitch'Animate Level 2 Normals2-1'=False, StaticSwitch'Animate Level 32-1'=True, StaticSwitch'Animate Level 3 Normals2-1'=False, StaticSwitch'Animate Level 42-1'=False, StaticSwitch'Animate Level 4 Normals2-1'=False, StaticSwitch'Expose Previous Frame Time2-1'=False, StaticSwitch'Manually Control Pivot Painter 2 Foliage Animation Time2-1'=False, StaticSwitch'WindPerInstanceRandom2-1'=False"
"/Engine/EngineSky/M_Sky_Panning_Clouds2.M_Sky_Panning_Clouds2","0","0","0","4","0","Compiling M_Sky_Panning_Clouds2: Platform=PCD3D_SM5, Usage=LightingModel=MSM_Unlit, BlendMode=BLEND_Opaque, SpecialEngine=0, TwoSided=0, TSNormal=1, Masked=0, Distorted=0, WritesEveryPixel=1, ModifiesMeshPosition=0, Usage={bUsedWithStaticLighting}"
"","0","1","3","0","0",""
